Time,CH0,CH1,CH2,CH3,CH4,CH5,CH6,CH7
5,20.3371162414551,20.500846862793,20.3648071289063,20.4193840026855,20.4103546142578,15.8816757202148,16.3178901672363,13.4951410293579
10,20.3164501190186,20.4639282226563,20.3453426361084,20.3908920288086,20.3977127075195,15.8796691894531,16.3110675811768,13.4702596664429
15,20.3001976013184,20.4454689025879,20.3218669891357,20.3806571960449,20.387279510498,15.8955211639404,16.3144779205322,13.4630365371704
20,20.2686958312988,20.4282112121582,20.2991943359375,20.3680171966553,20.3682174682617,15.9675540924072,16.3431720733643,13.5242347717285
25,20.2514400482178,20.4131641387939,20.2823390960693,20.3465480804443,20.3335056304932,16.2159595489502,16.408784866333,13.6562623977661
30,20.2414073944092,20.3941020965576,20.2660865783691,20.3294925689697,20.3389225006104,16.5199451446533,16.4330635070801,13.6638879776001
35,20.2002735137939,20.369421005249,20.2347850799561,20.2979907989502,20.2981910705566,16.5056991577148,16.3989524841309,13.5200214385986
40,20.1715812683105,20.3485546112061,20.2151222229004,20.2705001831055,20.2801322937012,16.6684265136719,16.3524017333984,13.4050483703613
45,20.1511135101318,20.3174533843994,20.1663627624512,20.2476272583008,20.2482280731201,16.5670967102051,16.3309326171875,13.3815727233887
50,20.1157989501953,20.2775230407715,20.1505126953125,20.2050895690918,20.210506439209,16.5137252807617,16.3642406463623,13.5105905532837
55,20.1846218109131,20.4924201965332,20.1663627624512,20.2101058959961,20.2548503875732,16.4232311248779,16.3969459533691,13.5477113723755
60,20.5907382965088,20.9529132843018,20.2508373260498,20.3433361053467,20.4061412811279,16.4089851379395,16.4184150695801,13.5964689254761
65,21.0456123352051,21.3261222839355,20.4490795135498,20.5526161193848,20.6754131317139,16.4009590148926,16.4338665008545,13.6600751876831
70,21.4069843292236,21.7005367279053,20.7006950378418,20.8186779022217,20.9495010375977,16.3648414611816,16.4444999694824,13.7164583206177
75,21.3604335784912,22.0019130706787,21.0014705657959,21.0733032226563,21.4537353515625,16.3178901672363,16.4477100372314,13.714451789856
80,21.248872756958,22.3071022033691,21.2861938476563,21.372673034668,21.8646678924561,16.241641998291,16.4663715362549,13.7224779129028
85,20.9954509735107,22.2768039703369,21.6024188995361,21.6850852966309,22.2017612457275,16.1742248535156,16.4477100372314,13.694787979126
90,20.2556533813477,21.8096904754639,21.9383068084717,21.9786376953125,22.5593204498291,16.128475189209,16.450719833374,13.66810131073
95,20.0385494232178,22.598445892334,22.1989517211914,22.2792110443115,22.7003765106201,16.0839309692383,16.4440994262695,13.6723146438599
100,21.2512798309326,22.822172164917,22.4525737762451,22.5805892944336,22.9008255004883,16.0839309692383,16.4691791534424,13.7240829467773
105,21.0883522033691,23.1307716369629,22.7082023620605,22.874942779541,23.257381439209,16.089750289917,16.4657688140869,13.7431440353394
110,20.8385429382324,23.5413017272949,23.0077724456787,23.1829414367676,23.2357120513916,16.1058025360107,16.4138011932373,13.7294998168945
115,21.8680782318115,23.941801071167,23.2587871551514,23.5252494812012,22.2794132232666,16.1302814483643,16.4061756134033,13.7401342391968
120,23.5396976470947,24.2405681610107,23.5609664916992,23.8027496337891,22.5001277923584,16.1276741027832,16.398551940918,13.7884912490845
125,23.8517093658447,24.7225303649902,23.8071632385254,24.1097450256348,23.5976848602295,16.1407146453857,16.4061756134033,13.8508939743042
130,23.4325504302979,25.1695804595947,24.0678081512451,24.4111213684082,22.7493362426758,16.0616588592529,16.3770809173584,13.8075532913208
135,22.4519710540771,25.2973937988281,24.3539371490479,24.7038707733154,21.4834327697754,16.0371799468994,16.3186931610107,13.7834749221802
140,22.5920257568359,25.0052471160889,24.5854873657227,24.9885940551758,20.4229946136475,16.0120983123779,16.2546844482422,13.690975189209
145,24.3298587799072,25.1061744689941,24.8367004394531,25.2313804626465,19.6581153869629,16.0393867492676,16.2711372375488,13.6901731491089
150,25.0076541900635,25.298397064209,25.082498550415,25.400728225708,19.9839725494385,16.1348972320557,16.3229064941406,13.78688621521
155,25.4705562591553,25.5435924530029,25.327091217041,25.5722846984863,23.1765193939209,16.2673263549805,16.3556118011475,13.8639354705811
160,25.7721328735352,25.8357391357422,25.561450958252,25.8138675689697,24.7016639709473,16.4266414642334,16.4188175201416,14.0009803771973
165,26.0534439086914,26.0652828216553,25.8365421295166,26.0307712554932,25.5712814331055,16.4884433746338,16.4810180664063,14.0802373886108
170,26.3032550811768,26.3524131774902,26.0945777893066,26.2966327667236,26.0759181976318,16.6824722290039,16.5528507232666,14.2194881439209
175,26.5962047576904,26.6267032623291,26.3347568511963,26.5683135986328,26.4053859710693,17.1590156555176,16.4737949371338,14.3390760421753
180,27.0368328094482,26.9080142974854,26.6064376831055,26.8078899383545,26.7356567382813,17.5532932281494,16.3951396942139,14.3087778091431
185,27.7106151580811,27.2926616668701,26.8381881713867,27.0799713134766,27.1259212493896,17.8769435882568,16.2269954681396,14.1510667800903
190,28.0926532745361,27.5615329742432,27.091007232666,27.3083114624023,27.4321136474609,18.389404296875,16.0167140960693,13.9552316665649
195,27.5713653564453,27.8462562561035,27.3181438446045,27.5838050842285,27.6558380126953,18.4716701507568,15.767505645752,13.8021354675293
200,25.9922466278076,28.0880393981934,27.5749759674072,27.8051223754883,27.8996276855469,18.1476211547852,15.4570999145508,13.6937847137451
205,24.9526767730713,28.3506908416748,27.8217754364014,28.0647640228271,28.1317806243896,17.8000946044922,15.2644758224487,13.6731176376343
210,24.0224609375,28.5732116699219,28.0569381713867,28.3181858062744,28.3613243103027,17.6193084716797,15.0746603012085,13.6520490646362
215,23.0647583007813,28.7084503173828,28.3157768249512,28.5364933013916,28.4760971069336,17.4202632904053,14.8495302200317,13.6235570907593
220,24.8228569030762,28.8458957672119,28.5210418701172,28.7397518157959,28.6213684082031,17.234260559082,14.6737604141235,13.5794134140015
225,27.5597267150879,29.0439376831055,28.7909183502197,28.9345836639404,28.8354625701904,17.1969394683838,14.5941028594971,13.6259641647339
230,28.6065196990967,29.2843170166016,29.015043258667,29.2046585083008,29.078649520874,17.439525604248,14.6033325195313,13.6861600875854
235,29.228536605835,29.525899887085,29.29856300354,29.4352054595947,29.3463172912598,17.684118270874,14.6661357879639,13.8996515274048
240,29.5941200256348,29.8086166381836,29.5246963500977,29.7084922790527,29.5911102294922,17.8004951477051,14.6813850402832,14.5503606796265
245,29.9207801818848,30.04638671875,29.7911586761475,29.9406433105469,29.8611869812012,17.8598880767822,14.7215156555176,15.2026748657227
250,30.1862392425537,30.3142547607422,30.0213050842285,30.2095146179199,30.0859146118164,17.6106796264648,14.6428604125977,15.6986827850342
255,30.4482898712158,30.5431976318359,30.2713165283203,30.4631366729736,30.3423461914063,17.2292442321777,14.5180559158325,15.9978523254395
260,30.6838531494141,30.7893943786621,30.5201225280762,30.6862602233887,30.5967712402344,16.8734912872314,14.3394775390625,16.2899990081787
265,30.9226264953613,31.0371990203857,30.7524757385254,30.9194164276123,30.8060493469238,16.4850311279297,14.2094554901123,16.5133228302002
270,31.1593933105469,31.2422618865967,30.967170715332,31.1429405212402,31.0424156188965,16.2085361480713,14.1308012008667,16.6728401184082
275,31.3666667938232,31.492073059082,31.1752452850342,31.3664646148682,31.2458744049072,15.9039478302002,14.098295211792,16.7940330505371
280,31.5907917022705,31.6778755187988,31.4079990386963,31.5779514312744,31.4655857086182,15.7151365280151,14.0304756164551,16.8793087005615
285,31.8026790618896,31.8971862792969,31.6008243560791,31.8080959320068,31.669246673584,15.4837865829468,13.9261379241943,16.9529476165771
290,32.0097503662109,32.1058616638184,31.8253536224365,31.9963073730469,31.9082221984863,15.3411235809326,13.8260126113892,17.007926940918
295,32.2256507873535,32.3327980041504,32.031421661377,32.2344779968262,32.1215133666992,15.4193773269653,13.9110889434814,17.1022319793701
300,32.4586067199707,32.5414733886719,32.2567520141602,32.476863861084,32.3239669799805,15.6679830551147,14.1546783447266,17.2404804229736
305,32.7025947570801,32.7844619750977,32.5069618225098,32.6931648254395,32.5864181518555,15.9081621170044,14.3723840713501,17.3652839660645
310,32.9193000793457,33.0019645690918,32.7190475463867,32.929931640625,32.8017158508301,15.9854116439819,14.4670906066895,17.4423351287842
315,33.1654968261719,33.2309074401855,32.9646453857422,33.1412162780762,33.0497207641602,16.1096153259277,14.6841945648193,17.523998260498
320,33.363338470459,33.4809188842773,33.1829528808594,33.3603286743164,33.2622108459473,16.3648414611816,14.9073181152344,17.6303443908691
325,33.6185646057129,33.6873893737793,33.4251365661621,33.5932846069336,33.497974395752,16.5307788848877,15.0638246536255,17.7358856201172
330,33.8489112854004,33.9291725158691,33.639232635498,33.8438949584961,33.7251091003418,16.5028896331787,15.1382665634155,17.7942752838135
335,34.071834564209,34.1510925292969,33.8705825805664,34.0487594604492,33.9558563232422,16.3517990112305,15.0515851974487,17.804708480835
340,34.2756958007813,34.3808364868164,34.078052520752,34.2849235534668,34.1870079040527,16.0638656616211,14.9855718612671,17.7479248046875
345,34.4944038391113,34.5981407165527,34.3021812438965,34.5054397583008,34.3734130859375,15.7151365280151,14.8276596069336,17.6576328277588
350,34.7265548706055,34.794979095459,34.5112571716309,34.7072944641113,34.5716552734375,15.4324197769165,14.6538963317871,17.57737159729
355,34.9053344726563,34.9990386962891,34.6982650756836,34.9197807312012,34.7652816772461,15.2931680679321,14.5987176895142,17.5440635681152
360,35.1085929870605,35.1850433349609,34.9171752929688,35.1100006103516,34.9699440002441,15.3268775939941,14.6278114318848,17.5356369018555
365,35.3216857910156,35.4274291992188,35.1037788391113,35.325496673584,35.1802253723145,15.3617906570435,14.5343084335327,17.5360374450684
370,35.5464134216309,35.616641998291,35.3361320495605,35.5183219909668,35.3909111022949,15.2401962280273,14.3567333221436,17.5003223419189
375,35.7859916687012,35.8883209228516,35.5217323303223,35.7332191467285,35.5714950561523,14.9570789337158,14.2578125,17.4365158081055
380,36.1315116882324,36.2591247558594,35.7239875793457,35.9262428283691,35.7843856811523,14.7939500808716,14.1813650131226,17.3851490020752
385,36.3560371398926,36.544246673584,35.9324645996094,36.1158599853516,35.9796180725098,14.695029258728,14.1031112670898,17.3283653259277
390,36.5707321166992,36.7487106323242,36.0992050170898,36.3269424438477,36.161808013916,14.7189073562622,14.0364952087402,17.2964611053467
395,36.77880859375,36.9182586669922,36.3074798583984,36.5175628662109,36.3732948303223,14.7455940246582,14.0146245956421,17.276195526123
400,36.9473533630371,37.1102828979492,36.502513885498,36.7113876342773,36.5649147033691,14.6755666732788,14.0214462280273,17.2400779724121
405,37.1367683410645,37.2854499816895,36.699348449707,36.9040145874023,36.7663688659668,14.6099538803101,14.0214462280273,17.1899166107178
410,37.3221702575684,37.4626235961914,36.8889656066895,37.1146965026855,36.9567832946777,14.5250787734985,13.9813165664673,17.1168785095215
415,37.5184059143066,37.6395988464355,37.083194732666,37.2858505249023,37.1401786804199,14.5014019012451,13.8950366973877,17.1068477630615
420,37.6901626586914,37.8264045715332,37.2621726989746,37.4758682250977,37.3514633178711,14.4977903366089,13.8605251312256,17.0761470794678
425,37.8845901489258,38.0061874389648,37.4529914855957,37.6815338134766,37.530445098877,14.5469493865967,13.8924283981323,17.0707302093506
430,38.0856437683105,38.2024230957031,37.6564521789551,37.8585090637207,37.7122344970703,14.539324760437,13.8647384643555,17.0596942901611
435,38.2646255493164,38.3878211975098,37.840648651123,38.0631713867188,37.8980369567871,14.3832187652588,13.7941093444824,16.9878616333008
440,38.4558448791504,38.5027961730957,38.0144119262695,38.2385406494141,38.0946731567383,14.3037614822388,13.8406600952148,16.926061630249
445,38.4885482788086,38.472297668457,38.1897811889648,38.4118995666504,38.2764625549316,14.387433052063,13.9136972427368,16.8969669342041
450,38.6021194458008,38.5991096496582,38.3848114013672,38.6083374023438,38.4704895019531,14.3533220291138,13.9042663574219,16.9019832611084
455,38.7574195861816,38.7825012207031,38.5613861083984,38.7776870727539,38.6332168579102,14.2578125,13.7910995483398,16.8582420349121
460,38.9257659912109,38.9590759277344,38.7481918334961,38.9568672180176,38.8162117004395,14.1627044677734,13.6971950531006,16.8010559082031
465,39.1009330749512,39.1695556640625,38.9016876220703,39.1326370239258,38.9965972900391,14.1434421539307,13.5565395355225,16.7864074707031
470,39.2995796203613,39.3565635681152,39.0939102172852,39.3164329528809,39.158519744873,14.227915763855,13.4985513687134,16.798849105835
475,39.4938087463379,39.5483856201172,39.2751007080078,39.492805480957,39.3571662902832,14.2891139984131,13.4433727264404,16.7972431182861
480,39.656135559082,39.7412109375,39.4390296936035,39.6737899780273,39.527515411377,14.2002258300781,13.382776260376,16.7506923675537
485,39.8527717590332,39.9157752990723,39.6216201782227,39.8401298522949,39.7139205932617,14.1855783462524,13.3003091812134,16.7619285583496
490,40.024528503418,40.1096038818359,39.7897682189941,40.0263328552246,39.8774528503418,14.1775522232056,13.3051242828369,16.7649383544922
495,40.214542388916,40.2695236206055,39.9675445556641,40.1894607543945,40.0470008850098,14.1295967102051,13.2989044189453,16.7234039306641
500,40.371654510498,40.4599380493164,40.145320892334,40.3871040344238,40.2113342285156,14.0752210617065,13.2926845550537,16.716983795166
505,40.5536422729492,40.6196556091309,40.3315238952637,40.5484275817871,40.3991432189941,14.0958881378174,13.2930860519409,16.7177867889404
510,40.7227897644043,40.7964286804199,40.4675636291504,40.719181060791,40.5789260864258,14.0429162979126,13.2834548950195,16.6610012054443
515,40.8949508666992,40.9717979431152,40.6531639099121,40.8945465087891,40.7270050048828,13.9674711227417,13.2674026489258,16.6555843353271
520,41.0640983581543,41.1323204040527,40.8150901794434,41.0616912841797,40.8967552185059,13.9939575195313,13.3418436050415,16.6415386199951
525,41.2276268005371,41.3092918395996,40.9908599853516,41.2414741516113,41.0657043457031,14.048734664917,13.3384323120117,16.6341152191162
530,41.4068069458008,41.4682083129883,41.1598091125488,41.3875465393066,41.2408714294434,14.0031871795654,13.3360252380371,16.6353187561035
535,41.561107635498,41.6333427429199,41.3108978271484,41.5691337585449,41.3969764709473,13.8908233642578,13.3330154418945,16.554256439209
540,41.7160110473633,41.7872428894043,41.4810485839844,41.7154083251953,41.5667266845703,13.8420648574829,13.3448534011841,16.4948635101318
545,41.8683052062988,41.9529800415039,41.6287269592285,41.8757286071777,41.7029685974121,13.8900203704834,13.3974237442017,16.4607524871826
550,42.0396575927734,42.1167106628418,41.7984771728516,42.0250129699707,41.8691062927246,13.9608497619629,13.4794902801514,16.4537296295166
555,42.2272682189941,42.2694053649902,41.9644165039063,42.198974609375,42.0442733764648,14.0142230987549,13.4943380355835,16.4511222839355
560,42.3590965270996,42.4511947631836,42.1233291625977,42.3625068664551,42.2138252258301,14.0958881378174,13.5288496017456,16.458345413208
565,42.5382766723633,42.5914497375488,42.3095359802246,42.5322570800781,42.3855819702148,14.1492605209351,13.5541315078735,16.507905960083
570,42.7048149108887,42.7860794067383,42.4634323120117,42.7060203552246,42.5591430664063,14.1767501831055,13.6123199462891,16.5163326263428
575,42.8898162841797,42.9494094848633,42.6490364074707,42.8749656677246,42.7317008972168,14.1807632446289,13.6339902877808,16.5185394287109
580,43.0573577880859,43.1336059570313,42.8037376403809,43.0479278564453,42.8880081176758,14.1584901809692,13.6054983139038,16.5420169830322
585,43.225902557373,43.325023651123,42.992546081543,43.2184791564941,43.0752143859863,14.1442441940308,13.559549331665,16.567699432373
590,43.4139137268066,43.4801292419434,43.142635345459,43.3978614807129,43.2287139892578,14.1079263687134,13.5200214385986,16.5837516784668
595,43.5714225769043,43.6526870727539,43.3244247436523,43.5726280212402,43.4078941345215,14.0533494949341,13.4503955841064,16.5524501800537
600,43.7381629943848,43.7985610961914,43.4995918273926,43.7277297973633,43.5762405395508,14.0495376586914,13.3578958511353,16.5436210632324
605,43.906909942627,43.9687118530273,43.651683807373,43.8952751159668,43.7299385070801,13.9949607849121,13.2694091796875,16.5235557556152
610,44.0453605651855,44.1031494140625,43.7967529296875,44.0457611083984,43.9063110351563,13.9961643218994,13.3510732650757,16.465368270874
615,44.2098922729492,44.2708930969238,43.9494476318359,44.2215309143066,44.0345268249512,14.0208444595337,13.4606285095215,16.4250373840332
620,44.3798446655273,44.424991607666,44.1302337646484,44.3704147338867,44.2112998962402,14.0445213317871,13.4909267425537,16.4061756134033
625,44.5473861694336,44.5975494384766,44.2662773132324,44.5299301147461,44.354362487793,14.0445213317871,13.4357481002808,16.3927326202393
630,44.6896476745605,44.7604789733887,44.439037322998,44.6745986938477,44.5192947387695,14.0204429626465,13.3785629272461,16.3650417327881
635,44.8541831970215,44.8979225158691,44.5720672607422,44.8262901306152,44.6854362487793,13.929949760437,13.3914041519165,16.3465824127197
640,44.9864120483398,45.0596466064453,44.7384071350098,44.9958419799805,44.8246879577637,13.9157037734985,13.3801679611206,16.3341426849365
645,45.1441230773926,45.2017097473145,44.893310546875,45.1427154541016,44.9787864685059,14.0015821456909,13.4538068771362,16.354808807373
650,45.2972183227539,45.3542022705078,45.0363731384277,45.3018341064453,45.1308784484863,14.2174816131592,13.6386060714722,16.4212245941162
655,45.4820175170898,45.5345878601074,45.2275924682617,45.4521217346191,45.31005859375,14.3966627120972,13.8380517959595,16.4974708557129
660,45.6491584777832,45.7153739929199,45.3738670349121,45.63671875,45.4671669006348,14.5016031265259,13.9606494903564,16.5424175262451
665,45.8148956298828,45.8815116882324,45.5604705810547,45.7988433837891,45.6565818786621,14.6330289840698,13.9835233688354,16.600004196167
670,46.0073204040527,46.0380172729492,45.7316246032715,45.9846458435059,45.8134918212891,14.8009729385376,13.9283447265625,16.6429424285889
675,46.1614189147949,46.2376670837402,45.9096031188965,46.1407508850098,46.004711151123,14.8280611038208,13.7359209060669,16.6786594390869
680,46.3357849121094,46.4021987915039,46.0725326538086,46.3211364746094,46.1658325195313,14.7548236846924,13.6743211746216,16.6937084197998
685,46.509147644043,46.5671348571777,46.2336540222168,46.5027236938477,46.331169128418,14.8204364776611,13.8390550613403,16.7338371276855
690,46.6682624816895,46.7477188110352,46.4078178405762,46.6610374450684,46.494499206543,14.7341566085815,13.9080791473389,16.7430686950684
695,46.8167419433594,46.8825569152832,46.5603103637695,46.8018951416016,46.6343536376953,14.5788536071777,13.9863328933716,16.6947116851807
700,46.9596061706543,47.0306358337402,46.7005653381348,46.9626159667969,46.7854423522949,14.7795038223267,14.0372982025146,16.6690273284912
705,47.068359375,47.0775871276855,46.8309898376465,47.0900268554688,46.9291076660156,19.5917015075684,14.1101341247559,16.6736431121826
710,46.9870948791504,46.9660263061523,46.8751335144043,47.1000595092773,46.9537887573242,24.5132522583008,14.1219720840454,16.6585941314697
715,46.8223609924316,46.7364845275879,46.7800254821777,46.9846878051758,46.8356056213379,28.798942565918,14.1303997039795,16.6260890960693
720,46.5544929504395,46.4577789306641,46.5805778503418,46.7744064331055,46.6273307800293,31.6977386474609,14.1273899078369,16.614049911499
725,46.2172012329102,46.1263046264648,46.2844161987305,46.4836616516113,46.2822113037109,33.5148277282715,14.1131439208984,16.603816986084
730,45.8823127746582,45.7619247436523,45.9675903320313,46.1353340148926,45.9523429870605,34.7556495666504,14.1189622879028,16.5143260955811
735,45.4940567016602,45.4262351989746,45.5851516723633,45.7892112731934,45.5416107177734,35.4059600830078,14.1227750778198,16.3961429595947
740,45.1228523254395,45.0144996643066,45.2009048461914,45.3684501647949,45.1659927368164,35.7584991455078,14.1673192977905,16.2685298919678
745,44.7125244140625,44.6180152893066,44.7957916259766,45.0074806213379,44.7504463195801,35.8704643249512,14.1859798431396,16.1870651245117
750,44.3019905090332,44.2454071044922,44.3712158203125,44.5919303894043,44.3710174560547,35.8293304443359,14.1757469177246,16.1676025390625
755,43.9183502197266,43.8310661315918,44.0164680480957,44.1862182617188,43.9500503540039,35.7089385986328,14.1093311309814,16.2097396850586
760,43.5463447570801,43.4584579467773,43.609546661377,43.8230400085449,43.5944976806641,35.5345764160156,13.9931545257568,16.2978248596191
765,43.1737365722656,43.1261825561523,43.2357368469238,43.4624710083008,43.2257041931152,35.3716468811035,13.7670221328735,16.3628349304199
770,42.8494834899902,42.7776527404785,42.9263343811035,43.08544921875,42.8671417236328,35.2177467346191,13.4076566696167,16.3881168365479
775,42.4975433349609,42.4004287719727,42.561351776123,42.7607955932617,42.5270385742188,35.0251235961914,12.951979637146,16.3144779205322
780,42.1243324279785,42.1034660339355,42.2360954284668,42.3938064575195,42.1750984191895,34.7907638549805,12.6184988021851,16.228199005127
785,41.8123207092285,41.7555389404297,41.8835525512695,42.0830001831055,41.8606796264648,34.4925994873047,12.7005653381348,16.2139530181885
790,41.4964981079102,41.4352989196777,41.5912055969238,41.7434997558594,41.5019149780273,34.3782272338867,13.1072835922241,16.3221035003662
795,41.2011413574219,41.1850891113281,41.2739791870117,41.4363021850586,41.2238159179688,34.454273223877,13.5059757232666,16.4956665039063
800,40.9792213439941,40.9509315490723,40.9974822998047,41.1893043518066,40.9493255615234,34.4793548583984,13.8924283981323,16.6644134521484
805,40.7538909912109,40.711555480957,40.7872009277344,40.9479217529297,40.7366371154785,34.4604949951172,14.2365436553955,16.8464031219482
810,40.5554504394531,40.5454177856445,40.5680885314941,40.7605133056641,40.51953125,34.4422340393066,14.4943790435791,17.0071239471436
815,40.3776741027832,40.3746643066406,40.392520904541,40.5668869018555,40.3527908325195,34.4269866943359,14.7313470840454,17.1676445007324
820,40.2211647033691,40.208122253418,40.2209663391113,40.3852958679199,40.1834411621094,34.3605690002441,14.9635000228882,17.3026809692383
825,40.0508117675781,40.0650596618652,40.0636558532715,40.2446403503418,40.0293426513672,34.3559532165527,15.1167964935303,17.4300937652588
830,39.9189872741699,39.9093551635742,39.9153747558594,40.0795059204102,39.8858795166016,34.3722076416016,15.2821321487427,17.5322265625
835,39.7725105285645,39.7809371948242,39.7855529785156,39.9589157104492,39.7727127075195,34.3681945800781,15.4390411376953,17.61669921875
840,39.64208984375,39.6545295715332,39.6368713378906,39.8176574707031,39.6555328369141,34.3593673706055,15.5682601928711,17.7106037139893
845,39.5074501037598,39.5176849365234,39.5267143249512,39.6735916137695,39.5223007202148,34.3481292724609,15.6762094497681,17.8119316101074
850,39.4061241149902,39.4169578552246,39.3972930908203,39.5554084777832,39.4001045227051,34.3212432861328,15.7845611572266,17.8699207305908
855,39.2775077819824,39.3134231567383,39.2795143127441,39.436222076416,39.2941589355469,34.2433891296387,15.8838834762573,17.963623046875
860,39.1669502258301,39.1840019226074,39.158519744873,39.3272666931152,39.180591583252,34.1105613708496,15.9830045700073,18.0541172027588
865,39.0638122558594,39.0880928039551,39.0533790588379,39.2287483215332,39.068229675293,33.9963912963867,16.0759048461914,18.1574516296387
870,38.9494438171387,38.9919815063477,38.9630889892578,39.1197967529297,38.961483001709,33.9396057128906,16.1587734222412,18.24072265625
875,38.8575439453125,38.8950653076172,38.8583488464355,39.0152549743652,38.8725929260254,33.8701820373535,16.2219791412354,18.3079395294189
880,38.7794914245605,38.7961463928223,38.7459831237793,38.9235610961914,38.7636413574219,33.8236312866211,16.2922058105469,18.3693389892578
885,38.6755561828613,38.6944160461426,38.6725463867188,38.8170127868652,38.6857872009277,33.7839012145996,16.3570156097412,18.4070606231689
890,38.5908813476563,38.6179695129395,38.5698127746582,38.7447814941406,38.5906791687012,33.7371482849121,16.4204216003418,18.4660530090332
895,38.5021934509277,38.5278778076172,38.4913597106934,38.6613082885742,38.4929656982422,33.6907997131348,16.5020866394043,18.524040222168
900,38.4008636474609,38.4502258300781,38.3998603820801,38.5547637939453,38.4287567138672,33.625186920166,16.5680999755859,18.5892524719238
905,38.3418731689453,38.3735771179199,38.3204040527344,38.4979782104492,38.3406715393066,33.5573654174805,16.6333122253418,18.6546630859375
910,38.2630195617676,38.2931175231934,38.2427520751953,38.4179191589355,38.2650260925293,33.4546318054199,16.6856822967529,18.7138557434082
915,38.1803512573242,38.2220840454102,38.1727256774902,38.3446846008301,38.1815528869629,33.3872146606445,16.7266139984131,18.7740497589111
920,38.1173477172852,38.1618919372559,38.1075134277344,38.2696418762207,38.1267776489258,33.3228073120117,16.788013458252,18.8336429595947
925,38.0493240356445,38.0888557434082,38.039493560791,38.1755332946777,38.0421028137207,33.2949142456055,16.8211212158203,18.8731727600098
930,37.9849166870117,38.0212364196777,37.9630470275879,38.1179466247559,37.9859199523926,33.2638168334961,16.8566360473633,18.9022655487061
935,37.9211120605469,37.9566268920898,37.8956260681152,38.0607643127441,37.919303894043,33.2467613220215,16.8999767303467,18.9379825592041
940,37.8396453857422,37.9052581787109,37.8326225280762,38.0023727416992,37.8466682434082,33.2024154663086,16.9188365936279,18.9779109954834
945,37.7975082397461,37.8225898742676,37.7796516418457,37.9241218566895,37.7898864746094,33.0463104248047,16.798849105835,18.9959697723389
950,37.7130355834961,37.7411270141602,37.6843414306641,37.8641242980957,37.7005958557129,32.753963470459,16.6672210693359,18.903470993042
955,37.6070938110352,37.6233444213867,37.6145172119141,37.756175994873,37.6175270080566,32.4738540649414,16.5227546691895,18.8412685394287
960,37.4792785644531,37.4846954345703,37.5039596557617,37.6329765319824,37.4979400634766,32.2254486083984,16.3851070404053,18.750373840332
965,37.3572845458984,37.3647079467773,37.3534698486328,37.5206108093262,37.3885841369629,32.0157699584961,16.2627105712891,18.6669025421143
970,37.1869316101074,37.2136154174805,37.2220458984375,37.3765449523926,37.2160263061523,31.7779998779297,16.1479396820068,18.5954723358154
975,36.9810638427734,37.0059432983398,37.0326309204102,37.1672668457031,37.033634185791,31.5651092529297,16.0562419891357,18.5075874328613
980,36.7675704956055,36.7836227416992,36.8171310424805,36.9654121398926,36.8089065551758,31.3345623016357,15.9595279693604,18.4654502868652
985,36.5279960632324,36.5548820495605,36.5853805541992,36.7332611083984,36.5757484436035,31.194507598877,15.9031457901001,18.4032497406006
990,36.2801933288574,36.3048706054688,36.3496170043945,36.4844551086426,36.3413887023926,31.0249576568604,15.8590021133423,18.3635196685791
995,36.0723190307617,36.0384063720703,36.1060256958008,36.2713623046875,36.119270324707,30.8772792816162,15.8555917739868,18.3175716400146
1000,35.8311347961426,35.8190956115723,35.9057769775391,36.0319862365723,35.8951454162598,30.7151546478271,15.8325166702271,18.3302116394043
1005,35.5913581848145,35.587947845459,35.6658020019531,35.8058547973633,35.6607856750488,30.5698833465576,15.7861661911011,18.2926902770996
1010,35.3989372253418,35.3668327331543,35.4460868835449,35.5985832214355,35.4500999450684,30.3555889129639,15.7634925842285,18.2449359893799
1015,35.1834373474121,35.1449127197266,35.2490501403809,35.382080078125,35.2546691894531,30.2028942108154,15.7255697250366,18.222261428833
1020,34.9643249511719,34.9416542053223,35.0237197875977,35.1533393859863,35.0463943481445,30.0265216827393,15.7057056427002,18.1785202026367
1025,34.7618713378906,34.7351837158203,34.8210639953613,34.9757652282715,34.8308944702148,29.837308883667,15.7163400650024,18.1359825134277
1030,34.5881080627441,34.53955078125,34.6585350036621,34.7696952819824,34.6418800354004,29.7008666992188,15.7171421051025,18.0998649597168
1035,34.3960838317871,34.3694000244141,34.4400291442871,34.5708503723145,34.4582862854004,29.5652275085449,15.6968765258789,18.0667591094971
1040,34.1946334838867,34.1874084472656,34.2514152526855,34.3990936279297,34.2714805603027,29.4333992004395,15.6709928512573,18.0577297210693
1045,34.0278930664063,33.9959869384766,34.0822677612305,34.2161026000977,34.0854797363281,29.2897338867188,15.6653747558594,18.0615406036377
1050,33.8517189025879,33.830451965332,33.9064979553223,34.022274017334,33.9145240783691,29.1380424499512,15.6503257751465,18.0515079498291
1055,33.6681251525879,33.6599006652832,33.7263145446777,33.8601493835449,33.753002166748,28.9857482910156,15.6599569320679,17.9871006011963
1060,33.5178375244141,33.4955673217773,33.5718116760254,33.6781578063965,33.5661964416504,28.8717803955078,15.6742038726807,18.0143890380859
1065,33.3607292175293,33.3436737060547,33.398250579834,33.518440246582,33.426139831543,28.820613861084,15.7101202011108,18.0725765228271
1070,33.2018127441406,33.214054107666,33.2515754699707,33.377384185791,33.2666244506836,28.7608203887939,15.7335958480835,18.1209335327148
1075,33.0886459350586,33.0882453918457,33.1119232177734,33.242748260498,33.1032943725586,28.7453689575195,15.7279777526855,18.1899566650391
1080,32.965446472168,32.9744758605957,32.9774856567383,33.1175422668457,32.9925346374512,28.6909942626953,15.7173433303833,18.2096214294434
1085,32.8388366699219,32.8611106872559,32.874153137207,33.0039710998535,32.8916091918945,28.6055164337158,15.6762094497681,18.1899566650391
1090,32.7447319030762,32.7234649658203,32.7557678222656,32.8910064697266,32.7796440124512,28.4461994171143,15.65012550354,18.1628704071045
1095,32.5998611450195,32.5916366577148,32.6327705383301,32.7537612915039,32.6397933959961,28.3181858062744,15.5851144790649,18.0334510803223
1100,32.4758605957031,32.4640235900879,32.5135841369629,32.6335716247559,32.5282325744629,28.1865577697754,15.5855159759521,17.9732551574707
1105,32.3283843994141,32.3444366455078,32.3821563720703,32.5005416870117,32.3817558288574,28.1187381744385,15.6364812850952,17.9423542022705
1110,32.2244453430176,32.2218360900879,32.2575531005859,32.3913879394531,32.2641754150391,28.115327835083,15.7105207443237,17.9708480834961
1115,32.1138877868652,32.1150932312012,32.1249237060547,32.2595596313477,32.1479988098145,28.0627574920654,15.6876468658447,17.9704456329346
1120,32.0025253295898,32.0079460144043,32.0181770324707,32.158031463623,32.0332260131836,27.9511966705322,15.6388893127441,17.9006195068359
1125,31.8779239654541,31.8737087249756,31.9018001556396,32.0496788024902,31.9306945800781,27.7864608764648,15.6182222366333,17.8115310668945
1130,31.7812099456787,31.7519149780273,31.8111057281494,31.92848777771,31.8028793334961,27.6403884887695,15.6069850921631,17.7882556915283
1135,31.6535968780518,31.6465740203857,31.6744632720947,31.7946529388428,31.6959323883057,27.5336418151855,15.6166172027588,17.8131370544434
1140,31.5372180938721,31.538423538208,31.5594902038574,31.6913185119629,31.5801582336426,27.4321136474609,15.6230373382568,17.7912654876709
1145,31.4288673400879,31.421443939209,31.4589653015137,31.5711288452148,31.4794311523438,27.3404159545898,15.6182222366333,17.8012981414795
1150,31.310884475708,31.3263359069824,31.3476047515869,31.4840469360352,31.3622512817383,27.2800197601318,15.6364812850952,17.8067150115967
1155,31.2159767150879,31.2151756286621,31.2430648803711,31.3640575408936,31.2597198486328,27.1487941741943,15.6400928497314,17.7748126983643
1160,31.123477935791,31.1190643310547,31.1459503173828,31.2693500518799,31.1571865081787,27.0639190673828,15.6246423721313,17.7597637176514
1165,31.0075016021729,31.0113143920898,31.0480327606201,31.1672191619873,31.0536518096924,26.956974029541,15.6316652297974,17.7346820831299
1170,30.9081802368164,30.91379737854,30.9270420074463,31.0654907226563,30.9591445922852,26.8161163330078,15.5778913497925,17.67649269104
1175,30.8066501617432,30.8058490753174,30.8245086669922,30.9621543884277,30.8239059448242,26.6953258514404,15.5088672637939,17.5831909179688
1180,30.6999053955078,30.6898727416992,30.711742401123,30.8435707092285,30.7420406341553,26.5966053009033,15.501443862915,17.5322265625
1185,30.5831260681152,30.6072044372559,30.6015853881836,30.7362232208252,30.6260662078857,26.5454387664795,15.5180978775024,17.5336303710938
1190,30.496244430542,30.4966468811035,30.5086841583252,30.6306800842285,30.531759262085,26.5035037994385,15.5253210067749,17.567741394043
1195,30.3947162628174,30.4025402069092,30.4177913665771,30.5371780395508,30.4310340881348,26.464376449585,15.5287322998047,17.6223182678223
1200,30.3038215637207,30.3307075500488,30.3132514953613,30.4617328643799,30.3447532653809,26.4206352233887,15.5648488998413,17.6530170440674
1205,30.2510509490967,30.2568683624268,30.2508487701416,30.3764572143555,30.2749271392822,26.4057865142822,15.5542144775391,17.6740856170654
1210,30.1589508056641,30.1731967926025,30.1788158416748,30.3062286376953,30.1866416931152,26.2884063720703,15.5068607330322,17.6285381317139
1215,30.0756816864014,30.1015663146973,30.1025695800781,30.2307834625244,30.1162128448486,26.2147674560547,15.4360313415527,17.5244007110596
1220,30.0002365112305,30.0012397766113,30.0134792327881,30.1340713500977,30.0325412750244,26.0963840484619,15.3473443984985,17.408224105835
1225,29.9007148742676,29.9181709289551,29.9245910644531,30.0578231811523,29.9562950134277,26.0012760162354,15.3662052154541,17.3771228790283
1230,29.8224601745605,29.8407192230225,29.8359050750732,29.978967666626,29.8676071166992,25.971981048584,15.3906841278076,17.4024047851563
1235,29.745813369751,29.7612628936768,29.755443572998,29.8965015411377,29.801794052124,25.929443359375,15.3700170516968,17.4772472381592
1240,29.6757850646973,29.688024520874,29.6860179901123,29.8120269775391,29.7119026184082,25.8269100189209,15.3619918823242,17.4537715911865
1245,29.6322441101074,29.6107749938965,29.6206073760986,29.7430038452148,29.6242179870605,25.7183589935303,15.350754737854,17.3913688659668
1250,29.5301132202148,29.5383396148682,29.5250968933105,29.6737785339355,29.5555953979492,25.6382999420166,15.3355054855347,17.3705005645752
1255,29.443431854248,29.4530639648438,29.4610900878906,29.5830841064453,29.47633934021,25.5817165374756,15.3619918823242,17.3582611083984
1260,29.3621692657471,29.394474029541,29.3802280426025,29.5034275054932,29.4075164794922,25.5690746307373,15.3662052154541,17.3981914520264
1265,29.2977600097656,29.3274555206299,29.3146152496338,29.4410247802734,29.3240451812744,25.5524215698242,15.3776426315308,17.4347095489502
1270,29.2477989196777,29.2586326599121,29.2477989196777,29.3613662719727,29.259635925293,25.475170135498,15.3627939224243,17.4459457397461
1275,29.1615180969238,29.1845932006836,29.1687412261963,29.3081932067871,29.2152919769287,25.3896942138672,15.3128318786621,17.3981914520264
1280,29.0959053039551,29.1448650360107,29.1137638092041,29.2445869445801,29.1422557830811,25.3296985626221,15.3078155517578,17.3871555328369
1285,29.0463447570801,29.06520652771,29.0489540100098,29.182186126709,29.0840682983398,25.316255569458,15.2809286117554,17.3809356689453
1290,28.9777221679688,28.9999942779541,29.0032062530518,29.1276092529297,29.0104293823242,25.269905090332,15.2407989501953,17.3516407012939
1295,28.9257545471191,28.9524402618408,28.9311714172363,29.0631999969482,28.9522399902344,25.2303771972656,15.2349796295166,17.3363914489746
1300,28.8591384887695,28.898265838623,28.8755912780762,28.9907646179199,28.8922462463379,25.1810169219971,15.2283582687378,17.3396015167236
1305,28.8013515472412,28.834056854248,28.820613861084,28.9468231201172,28.8350601196289,25.1322593688965,15.2303647994995,17.3133163452148
1310,28.7461719512939,28.778076171875,28.7566070556641,28.8780002593994,28.7768726348877,25.0686531066895,15.2034778594971,17.2607460021973
1315,28.6849746704102,28.728515625,28.7096538543701,28.837869644165,28.7293186187744,25.0044441223145,15.2229404449463,17.2378711700439
1320,28.6450443267822,28.6637058258057,28.6554775238037,28.7762699127197,28.6602935791016,24.979362487793,15.1820077896118,17.20556640625
1325,28.5834445953369,28.6057167053223,28.6019039154053,28.7293186187744,28.6318016052246,24.9386310577393,15.1601371765137,17.1720581054688
1330,28.5290679931641,28.5501365661621,28.5344867706299,28.6739387512207,28.5519428253174,24.8575687408447,15.1264276504517,17.1537990570068
1335,28.4678707122803,28.487133026123,28.4809131622314,28.6207656860352,28.5023822784424,24.8202476501465,15.1105766296387,17.1062450408936
1340,28.40185546875,28.4373722076416,28.4301471710205,28.5433139801025,28.4433917999268,24.7574443817139,15.0712490081787,17.04665184021
1345,28.3549041748047,28.3703536987305,28.3559074401855,28.4917469024658,28.3785800933838,24.7185173034668,15.0726537704468,17.025182723999
1350,28.295711517334,28.3360424041748,28.3011302947998,28.4415855407715,28.3262119293213,24.6807956695557,15.0435590744019,17.0293960571289
1355,28.2501640319824,28.2866840362549,28.2509670257568,28.3843994140625,28.2754459381104,24.6619338989258,15.022891998291,17.0542774200439
1360,28.2108364105225,28.2337112426758,28.2046165466309,28.3354415893555,28.2319049835205,24.6165866851807,14.9847688674927,17.0346126556396
1365,28.1542530059814,28.1957893371582,28.1624813079834,28.2931041717529,28.1915740966797,24.5870914459229,14.9809560775757,17.0332088470459
1370,28.1143245697021,28.1630821228027,28.1036891937256,28.2437438964844,28.1498394012451,24.5794677734375,14.9829626083374,17.0346126556396
1375,28.0665702819824,28.1137218475342,28.0808162689209,28.1985969543457,28.1028881072998,24.5555896759033,14.9879789352417,17.017557144165
1380,28.0292491912842,28.0770034790039,28.0416889190674,28.1646881103516,28.0559349060059,24.4974021911621,14.9454412460327,16.9844493865967
1385,27.998348236084,28.0288467407227,27.9865093231201,28.1305770874023,28.0115909576416,24.4327926635742,14.9657068252563,16.9491348266602
1390,27.937952041626,27.9849052429199,27.9524002075195,28.0782070159912,27.9839019775391,24.4697113037109,15.0351324081421,16.9830455780029
1395,27.9216995239258,27.9798889160156,27.9257125854492,28.0503177642822,27.9511966705322,24.589298248291,15.1316452026367,17.0950088500977
1400,27.9116668701172,27.9706592559814,27.8976211547852,28.0254364013672,27.9389553070068,24.6705627441406,15.1936454772949,17.1879100799561
1405,27.9192924499512,27.973669052124,27.899227142334,28.0438957214355,27.9285221099854,24.7112941741943,15.244610786438,17.2892379760742
1410,27.9216995239258,27.9903221130371,27.9144763946533,28.0354690551758,27.944974899292,24.72092628479,15.2050828933716,17.3241519927979
1415,27.9321346282959,27.9752731323242,27.899227142334,28.0412883758545,27.9475841522217,24.667552947998,15.1747846603394,17.301477432251
1420,27.9225025177002,27.9644393920898,27.9122695922852,28.0350685119629,27.9415645599365,24.6262187957764,15.168966293335,17.2876319885254
1425,27.9012336730957,27.9421672821045,27.9010334014893,28.0262393951416,27.9335384368896,24.540943145752,15.1420783996582,17.2332572937012
1430,27.8793621063232,27.9166831970215,27.8741455078125,27.9857082366943,27.9116668701172,24.4671039581299,15.1444864273071,17.2077732086182
1435,27.8474597930908,27.8924045562744,27.8498668670654,27.9760761260986,27.8741455078125,24.4616851806641,15.2030763626099,17.2242279052734
1440,27.8346176147461,27.8715381622314,27.8155555725098,27.9463806152344,27.8418407440186,24.540943145752,15.2407989501953,17.305290222168
1445,27.806526184082,27.86692237854,27.8095359802246,27.9415645599365,27.8372268676758,24.5654220581055,15.2630710601807,17.333381652832
1450,27.8115425109863,27.8486633300781,27.7912769317627,27.9261150360107,27.8296012878418,24.5309104919434,15.2506303787231,17.368293762207
1455,27.793083190918,27.8350200653076,27.7790374755859,27.905647277832,27.8189678192139,24.4709148406982,15.2767152786255,17.3640804290771
1460,27.7629852294922,27.821174621582,27.7702083587646,27.8867874145508,27.8067283630371,24.4323902130127,15.2383909225464,17.337194442749
1465,27.7465324401855,27.7976989746094,27.7385063171387,27.8667221069336,27.7744235992432,24.377010345459,15.1812057495117,17.272985458374
1470,27.7068042755127,27.7403125762939,27.7060012817383,27.8133487701416,27.7254638671875,24.3130035400391,15.1276321411133,17.2117862701416
1475,27.6771068572998,27.7068042755127,27.6773071289063,27.8009090423584,27.7019882202148,24.2819023132324,15.1252241134644,17.2123889923096
1480,27.6389846801758,27.6867389678955,27.6423950195313,27.7669982910156,27.6612567901611,24.2449836730957,15.1629467010498,17.2741889953613
1485,27.6233329772949,27.6644668579102,27.6257400512695,27.750545501709,27.6512241363525,24.1827812194824,15.1719751358032,17.3514404296875
1490,27.5932350158691,27.6614570617676,27.5934352874756,27.7292766571045,27.6273460388184,24.0854663848877,15.2195301055908,17.4032077789307
1495,27.6020641326904,27.6524276733398,27.5962448120117,27.7142276763916,27.6201229095459,23.9592571258545,15.2153158187866,17.4196605682373
1500,27.5832023620605,27.6187171936035,27.5830020904541,27.707405090332,27.6064777374268,23.8430805206299,15.1842155456543,17.429292678833
1505,27.5689563751221,27.615306854248,27.5641403198242,27.683126449585,27.6026668548584,23.8133850097656,15.2361841201782,17.3855495452881
1510,27.5508975982666,27.6104907989502,27.5396614074707,27.6718902587891,27.5725688934326,23.9139099121094,15.320858001709,17.4238739013672
1515,27.5655460357666,27.608283996582,27.545280456543,27.6773071289063,27.5777854919434,24.0499515533447,15.3575773239136,17.4810600280762
1520,27.5755786895752,27.643798828125,27.5539073944092,27.6817226409912,27.5799922943115,24.0058078765869,15.3200559616089,17.4654083251953
1525,27.5681533813477,27.6263427734375,27.5486907958984,27.6684799194336,27.5900249481201,23.9584541320801,15.2640743255615,17.3989944458008
1530,27.5685558319092,27.6020641326904,27.5627365112305,27.6821231842041,27.5703620910645,23.9086933135986,15.2237434387207,17.3038864135742
1535,27.544677734375,27.5990543365479,27.545280456543,27.6726932525635,27.5753784179688,23.8549194335938,15.21852684021,17.2737884521484
1540,27.5346450805664,27.5832023620605,27.5364513397217,27.654634475708,27.5531063079834,23.8292350769043,15.2522354125977,17.2661628723145
1545,27.5266189575195,27.5735721588135,27.516185760498,27.6488151550293,27.56955909729,23.767635345459,15.2460155487061,17.2561302185059
1550,27.5061531066895,27.5589237213135,27.499532699585,27.6381816864014,27.5294284820557,23.7780704498291,15.2361841201782,17.2707786560059
1555,27.4973239898682,27.544677734375,27.4864902496338,27.615909576416,27.5183925628662,23.7726516723633,15.2107009887695,17.2749919891357
1560,27.4826774597168,27.5346450805664,27.4882946014404,27.5968475341797,27.5049495697021,23.7915134429932,15.2632713317871,17.3076972961426
1565,27.4780616760254,27.5374546051025,27.4798679351807,27.5950412750244,27.5079593658447,23.7983360290527,15.3094215393066,17.3670902252197
1570,27.4792652130127,27.5362510681152,27.4730453491211,27.5858116149902,27.5093631744385,23.8834114074707,15.3726263046265,17.4423351287842
1575,27.4939136505127,27.5547103881836,27.4844837188721,27.5988540649414,27.5105667114258,23.9542407989502,15.4155654907227,17.4973125457764
1580,27.5081596374512,27.5775852203369,27.4856872558594,27.615909576416,27.530632019043,23.986946105957,15.446665763855,17.5474758148193
1585,27.5300312042236,27.6000576019287,27.499532699585,27.6381816864014,27.5460834503174,24.0114269256592,15.4920129776001,17.5924205780029
1590,27.5480899810791,27.6004581451416,27.5246124267578,27.650821685791,27.5691566467285,24.0302867889404,15.5191011428833,17.6469974517822
1595,27.5619335174561,27.6442012786865,27.5448780059814,27.6738967895508,27.5996570587158,24.0804500579834,15.5632438659668,17.7071933746338
1600,27.5944385528564,27.6590480804443,27.5677528381348,27.6903495788574,27.605073928833,24.0788440704346,15.5437803268433,17.7015743255615
1605,27.6149063110352,27.6883430480957,27.5968475341797,27.7090110778809,27.6536312103271,24.1023216247559,15.5295343399048,17.6987648010254
1610,27.6468086242676,27.7037944793701,27.615909576416,27.7459297180176,27.6763038635254,24.157299041748,15.5409717559814,17.6983642578125
1615,27.6624603271484,27.7184410095215,27.6558380126953,27.7736206054688,27.6847324371338,24.1954231262207,15.5666551589966,17.7029800415039
1620,27.6728935241699,27.7399101257324,27.6604537963867,27.7904739379883,27.7158336639404,24.1795711517334,15.5806999206543,17.7025775909424
1625,27.6941623687744,27.7507457733154,27.6765060424805,27.8021125793457,27.7202472686768,24.2108726501465,15.6238403320313,17.6975612640381
1630,27.7049980163574,27.7772312164307,27.6993789672852,27.8139514923096,27.7475357055664,24.2762851715088,15.6940679550171,17.7324752807617
1635,27.7453289031982,27.8183650970459,27.7232570648193,27.8414402008057,27.7770309448242,24.3838329315186,15.7362041473389,17.7796268463135
1640,27.7866630554199,27.8546829223633,27.7559623718262,27.8767547607422,27.8049221038818,24.5000095367432,15.7799463272095,17.818151473999
1645,27.8203716278076,27.8793621063232,27.7999057769775,27.913875579834,27.8564891815186,24.5373306274414,15.7827548980713,17.850456237793
1650,27.8647155761719,27.9259128570557,27.8486633300781,27.9471836090088,27.8891944885254,24.522481918335,15.7717199325562,17.8418292999268
1655,27.9052467346191,27.9712600708008,27.8805675506592,28.0027637481689,27.9307289123535,24.5289039611816,15.7841596603394,17.8406257629395
1660,27.9397583007813,27.994535446167,27.9210987091064,28.0350685119629,27.9636363983154,24.5246906280518,15.7939920425415,17.8428325653076
1665,27.9652404785156,28.0230293273926,27.9391574859619,28.0715866088867,28.002161026001,24.5816745758057,15.8050270080566,17.8634986877441
1670,27.9921283721924,28.0495147705078,27.9796886444092,28.0908489227295,28.0278434753418,24.6123733520508,15.852180480957,17.8984127044678
1675,28.0398826599121,28.0960655212402,28.0023612976074,28.1209449768066,28.0609512329102,24.692834854126,15.8925113677979,17.9371376037598
1680,28.0679740905762,28.122350692749,28.0523242950439,28.1536521911621,28.0882396697998,24.7568416595459,15.9155855178833,17.98850440979
1685,28.0960655212402,28.1773281097412,28.0745964050293,28.2072257995605,28.1341896057129,24.7263431549072,15.9097671508789,17.9969310760498
1690,28.1245574951172,28.1963901519775,28.1117153167725,28.229097366333,28.1626815795898,24.7847328186035,15.9308347702026,17.9921169281006
1695,28.1542530059814,28.2309017181396,28.1428165435791,28.2545795440674,28.1831474304199,24.8047981262207,15.974175453186,18.0111789703369
1700,28.1947860717773,28.2559833526611,28.1803379058838,28.2872848510742,28.228494644165,24.8686046600342,16.0225315093994,18.0396709442139
1705,28.2485599517822,28.3137702941895,28.2038154602051,28.3288192749023,28.2599964141846,24.9520740509033,16.082727432251,18.0918388366699
1710,28.2694263458252,28.3406581878662,28.2411346435547,28.3703536987305,28.3051433563232,25.0501937866211,16.1453304290771,18.116720199585
1715,28.3029365539551,28.3934288024902,28.2953109741211,28.41650390625,28.3498878479004,25.1617546081543,16.2005100250244,18.1759128570557
1720,28.3577136993408,28.4435920715332,28.3330326080322,28.4486083984375,28.3759727478027,25.2073020935059,16.195894241333,18.1839370727539
1725,28.40185546875,28.4732875823975,28.3839988708496,28.4917469024658,28.422924041748,25.1719875335693,16.1874675750732,18.1743068695068
1730,28.4399795532227,28.4993724822998,28.4096813201904,28.5302734375,28.45583152771,25.1302528381348,16.1898746490479,18.1739063262939
1735,28.4528217315674,28.5262603759766,28.4498119354248,28.5667915344238,28.5104084014893,25.0828990936279,16.2296028137207,18.1642742156982
1740,28.4809131622314,28.5429134368896,28.47629737854,28.5886611938477,28.5168285369873,25.1438961029053,16.2837791442871,18.1809272766113
1745,28.5212440490723,28.5732116699219,28.4875335693359,28.6203651428223,28.551139831543,25.2371997833252,16.3329391479492,18.233097076416
1750,28.544116973877,28.6155490875244,28.5184345245361,28.6506633758545,28.5882606506348,25.3435440063477,16.4430961608887,18.2856674194336
1755,28.5802345275879,28.653470993042,28.5629787445068,28.6819648742676,28.6247787475586,25.4831962585449,16.5604763031006,18.3314151763916
1760,28.632604598999,28.7042369842529,28.6157493591309,28.7251033782959,28.6763458251953,25.5833206176758,16.6307029724121,18.3731517791748
1765,28.6869812011719,28.7459716796875,28.6580867767334,28.7740631103516,28.7188835144043,25.5700778961182,16.6345157623291,18.3966274261475
1770,28.7255058288574,28.78830909729,28.7034339904785,28.8143939971924,28.7616233825684,25.5825176239014,16.6513710021973,18.4449844360352
1775,28.7674407958984,28.8402767181396,28.7465744018555,28.8525161743164,28.809778213501,25.5901432037354,16.6824722290039,18.4660530090332
1780,28.7939262390137,28.8868274688721,28.7867031097412,28.9064922332764,28.8324527740479,25.5825176239014,16.7071514129639,18.5007648468018
1785,28.8402767181396,28.9090995788574,28.820613861084,28.9391975402832,28.8725814819336,25.621244430542,16.6716365814209,18.4919357299805
1790,28.8846206665039,28.9484272003174,28.8637542724609,28.9642791748047,28.9207382202148,25.5867328643799,16.6593971252441,18.4935417175293
1795,28.9161224365234,28.9696960449219,28.8900394439697,29.0124359130859,28.951639175415,25.5762977600098,16.646354675293,18.5045776367188
1800,28.9472236633301,28.9931735992432,28.9241485595703,29.0331020355225,28.9773216247559,25.5801105499268,16.6634101867676,18.4833087921143
1805,28.9743118286133,29.0325012207031,28.9476261138916,29.0660095214844,29.008020401001,25.588939666748,16.6483612060547,18.4841117858887
1810,28.976921081543,29.0593872070313,28.9572563171387,29.0828628540039,29.0092258453369,25.5758972167969,16.645751953125,18.4722728729248
1815,29.0044097900391,29.0539703369141,28.9715023040771,29.1075439453125,29.0523643493652,25.5923500061035,16.6838760375977,18.4794960021973
1820,29.0274848937988,29.0886821746826,29.0116329193115,29.1181774139404,29.0766429901123,25.6635818481445,16.7494888305664,18.5013675689697
1825,29.0529670715332,29.1159706115723,29.0282859802246,29.1557006835938,29.0916919708252,25.7602939605713,16.815502166748,18.544506072998
1830,29.0772457122803,29.129415512085,29.0625972747803,29.171350479126,29.1033306121826,25.8210906982422,16.88352394104,18.5756072998047
1835,29.1133632659912,29.174560546875,29.0886821746826,29.213888168335,29.1506843566895,25.7942047119141,16.8827209472656,18.6205539703369
1840,29.1464691162109,29.2213115692139,29.1233959197998,29.2391700744629,29.1910133361816,25.8088512420654,16.8851280212402,18.6396141052246
1845,29.1930198669434,29.2351570129395,29.1599140167236,29.27809715271,29.2181015014648,25.8437652587891,16.865062713623,18.6530590057373
1850,29.2108783721924,29.2863235473633,29.1988391876221,29.3089962005615,29.245792388916,25.8241004943848,16.8612499237061,18.6596794128418
1855,29.2407760620117,29.2975597381592,29.2156944274902,29.3292617797852,29.2859210968018,25.8261070251465,16.8335609436035,18.6382102966309
1860,29.2469959259033,29.3136119842529,29.2369632720947,29.3437099456787,29.3001670837402,25.844165802002,16.8377742767334,18.6245670318604
1865,29.2680644989014,29.3296642303467,29.2572288513184,29.3732051849365,29.3206348419189,25.8592147827148,16.8377742767334,18.6008892059326
1870,29.2901363372803,29.3509330749512,29.2642517089844,29.3756122589111,29.327054977417,25.9049625396729,16.8443965911865,18.6135311126709
1875,29.2923431396484,29.358757019043,29.2909374237061,29.4233665466309,29.3509330749512,25.9400768280029,16.8389778137207,18.6400165557861
1880,29.3278579711914,29.3934707641602,29.3198318481445,29.4321956634521,29.3752117156982,25.9731845855713,16.8175086975098,18.6630916595459
1885,29.3543434143066,29.422966003418,29.3362846374512,29.4538669586182,29.3914642333984,25.9338569641113,16.7960395812988,18.6787414550781
1890,29.3802280426025,29.4400215148926,29.3726024627686,29.4741325378418,29.4253730773926,25.9481029510498,16.7607250213623,18.6911811828613
1895,29.3952770233154,29.4610900878906,29.3732051849365,29.4992122650146,29.4504547119141,25.9053649902344,16.7300262451172,18.6652984619141
1900,29.4045066833496,29.4651031494141,29.3990879058838,29.5303134918213,29.4568767547607,25.8688468933105,16.7031383514404,18.6287803649902
1905,29.4187526702881,29.4647006988525,29.4075164794922,29.5142612457275,29.4659061431885,25.811861038208,16.7338371276855,18.6249675750732
1910,29.4319953918457,29.4927921295166,29.4061107635498,29.5281066894531,29.4669094085693,25.8634281158447,16.7783813476563,18.6430263519287
1915,29.4384155273438,29.4996147155762,29.4195556640625,29.5423526763916,29.4759368896484,25.971981048584,16.8241310119629,18.6646957397461
1920,29.4602870941162,29.5078411102295,29.4418277740479,29.5586051940918,29.5012187957764,26.0369911193848,16.8389778137207,18.686767578125
1925,29.4869728088379,29.5465660095215,29.458080291748,29.579273223877,29.5246963500977,26.0369911193848,16.8512191772461,18.7248916625977
1930,29.497407913208,29.5726509094238,29.4837627410889,29.5935192108154,29.5459651947021,26.0664863586426,16.8847274780273,18.7429504394531
1935,29.5250968933105,29.5983352661133,29.4845657348633,29.6151885986328,29.5509815216064,26.0969867706299,16.8893413543701,18.7509765625
1940,29.5471687316895,29.6099720001221,29.5254974365234,29.6336498260498,29.5868968963623,26.0662860870361,16.8662662506104,18.7752552032471
1945,29.5606117248535,29.6276302337646,29.5357322692871,29.6679592132568,29.6159915924072,26.0709018707275,16.8636589050293,18.7451572418213
1950,29.5816802978516,29.6334476470947,29.5654277801514,29.681001663208,29.6167945861816,26.0881576538086,16.8221244812012,18.7252922058105
1955,29.596529006958,29.638463973999,29.585090637207,29.695650100708,29.6392669677734,26.0488300323486,16.8297481536865,18.7060298919678
1960,29.5995388031006,29.6649494171143,29.5804767608643,29.7080898284912,29.6430797576904,26.0700988769531,16.8263378143311,18.7122497558594
1965,29.6079654693604,29.67458152771,29.5967292785645,29.7169189453125,29.6589317321777,26.0797290802002,16.8283443450928,18.7285022735596
1970,29.6302375793457,29.692440032959,29.6083660125732,29.7289581298828,29.6695652008057,26.0709018707275,16.7952365875244,18.7379341125488
1975,29.6376609802246,29.7014694213867,29.6364574432373,29.7466144561768,29.6876239776611,26.078125,16.8106861114502,18.7491703033447
1980,29.6641483306885,29.7139091491699,29.6456871032715,29.7468166351318,29.7018699645996,26.0773220062256,16.8010559082031,18.764820098877
1985,29.663745880127,29.730562210083,29.6575260162354,29.7739028930664,29.7247447967529,26.1001968383789,16.8283443450928,18.7694358825684
1990,29.6884269714355,29.7436046600342,29.6755847930908,29.7813282012939,29.7301616668701,26.1605911254883,16.8754978179932,18.7917079925537
1995,29.7054824829102,29.7735023498535,29.6898307800293,29.8040008544922,29.7524337768555,26.2510852813721,16.9188365936279,18.8193969726563
2000,29.7080898284912,29.7875480651855,29.6954498291016,29.8286819458008,29.7532367706299,26.3245239257813,16.9595699310303,18.843074798584
2005,29.7309646606445,29.8082141876221,29.7237415313721,29.8425254821777,29.7708930969238,26.3397731781006,16.9643859863281,18.8527050018311
2010,29.7548408508301,29.8252696990967,29.7524337768555,29.8563709259033,29.7879486083984,26.3359603881836,16.964183807373,18.8645439147949
2015,29.7799224853516,29.8425254821777,29.7696895599365,29.8840599060059,29.8353023529053,26.3064651489258,16.9768257141113,18.8892230987549
2020,29.7973804473877,29.8563709259033,29.7805252075195,29.9029216766357,29.8421249389648,26.2701473236084,16.9663925170898,18.885009765625
2025,29.8052043914795,29.8726234436035,29.7981815338135,29.9179706573486,29.8515548706055,26.2454662322998,16.9633827209473,18.8954448699951
2030,29.8294830322266,29.8910827636719,29.819652557373,29.9288063049316,29.8716201782227,26.2454662322998,16.9746189117432,18.9249401092529
2035,29.8399181365967,29.8969020843506,29.8266754150391,29.9414463043213,29.883056640625,26.3179016113281,17.0179595947266,18.9285507202148
2040,29.847541809082,29.8989086151123,29.855167388916,29.9488697052002,29.8934917449951,26.4045829772949,17.0592918395996,18.9484157562256
2045,29.8734264373779,29.9296073913574,29.8483448028564,29.9807739257813,29.9209804534912,26.4565505981445,17.0701274871826,18.9676780700684
2050,29.8864688873291,29.9601078033447,29.879846572876,29.9873962402344,29.9296073913574,26.396556854248,17.0259857177734,18.9379825592041
2055,29.897705078125,29.9625148773193,29.8890762329102,30.0066585540771,29.9374332427979,26.2956295013428,16.9772262573242,18.8992557525635
2060,29.9019184112549,29.9631175994873,29.8916854858398,30.0058555603027,29.9444561004639,26.183666229248,16.9465274810791,18.8517017364502
2065,29.8850631713867,29.9324169158936,29.8848628997803,30.0174922943115,29.9404430389404,26.1443386077881,16.939905166626,18.8197994232178
2070,29.8854656219482,29.9316139221191,29.886869430542,29.9908065795898,29.9211807250977,26.0478267669678,16.9499378204346,18.8123741149902
2075,29.8633937835693,29.9123516082764,29.8682098388672,29.9765605926514,29.926197052002,25.9908409118652,16.9912719726563,18.8025436401367
2080,29.8515548706055,29.8969020843506,29.8455352783203,29.9823799133301,29.9043254852295,26.074312210083,17.0436420440674,18.8278255462646
2085,29.8433284759521,29.8999118804932,29.844331741333,29.9484691619873,29.8981056213379,26.1945018768311,17.1186847686768,18.8601303100586
2090,29.8555679321289,29.9045276641846,29.8491477966309,29.9661273956299,29.900915145874,26.3425827026367,17.1537990570068,18.888219833374
2095,29.8495483398438,29.9249935150146,29.8473415374756,29.9703407287598,29.9169673919678,26.4423046112061,17.2073726654053,18.9199237823486
2100,29.8776397705078,29.9546890258789,29.8740272521973,29.9924125671387,29.9300098419189,26.4902610778809,17.2316513061523,18.9606552124023
2105,29.9139575958252,29.9727478027344,29.8898792266846,30.0058555603027,29.9454593658447,26.4872512817383,17.2426872253418,18.9849338531494
2110,29.9280033111572,29.9831809997559,29.8995113372803,30.0335445404053,29.9655246734619,26.4441108703613,17.2416839599609,18.9871406555176
2115,29.9478664398193,30.0016422271729,29.929407119751,30.045783996582,29.9777641296387,26.3168983459473,17.2232246398926,18.9819240570068
2120,29.9450588226318,30.0016422271729,29.9360294342041,30.0447807312012,29.993013381958,26.2398490905762,17.2543239593506,18.9638652801514
2125,29.9340229034424,29.989803314209,29.9352264404297,30.0586261749268,29.9843864440918,26.2880058288574,17.3095035552979,18.9622611999512
2130,29.9470653533936,30.0221080780029,29.9306106567383,30.0544128417969,29.9894027709961,26.421838760376,17.3540477752686,18.9767074584961
2135,29.9647216796875,30.0074596405029,29.940242767334,30.0662517547607,29.9918098449707,26.0042858123779,17.425479888916,19.0282745361328
2140,29.9918098449707,30.0429763793945,29.9673309326172,30.0859146118164,30.0044498443604,25.3084297180176,17.5163745880127,19.0517501831055
2145,30.0287303924561,30.088924407959,30.000036239624,30.1047763824463,30.0437774658203,24.7389850616455,17.6588363647461,19.090877532959

